{
    "SW1": {
        "coords": [
            119.05,
            61.431250000000006
        ]
    },
    "D1": {
        "coords": [
            109.52499999999999,
            61.431250000000006
        ],
        "orient": 90
    },
    "SW2": {
        "coords": [
            138.1,
            59.05
        ]
    },
    "D2": {
        "coords": [
            128.575,
            59.05
        ],
        "orient": 90
    },
    "SW3": {
        "coords": [
            157.15,
            54.2875
        ]
    },
    "D3": {
        "coords": [
            147.625,
            54.2875
        ],
        "orient": 90
    },
    "SW4": {
        "coords": [
            176.2,
            59.05
        ]
    },
    "D4": {
        "coords": [
            166.67499999999998,
            59.05
        ],
        "orient": 90
    },
    "SW5": {
        "coords": [
            195.25,
            73.3375
        ]
    },
    "D5": {
        "coords": [
            185.725,
            73.3375
        ],
        "orient": 90
    },
    "SW6": {
        "coords": [
            214.3,
            75.71875
        ]
    },
    "D6": {
        "coords": [
            204.775,
            75.71875
        ],
        "orient": 90
    },
    "SW7": {
        "coords": [
            119.05,
            80.48125
        ]
    },
    "D7": {
        "coords": [
            109.52499999999999,
            80.48125
        ],
        "orient": 90
    },
    "SW8": {
        "coords": [
            138.1,
            78.1
        ]
    },
    "D8": {
        "coords": [
            128.575,
            78.1
        ],
        "orient": 90
    },
    "SW9": {
        "coords": [
            157.15,
            73.3375
        ]
    },
    "D9": {
        "coords": [
            147.625,
            73.3375
        ],
        "orient": 90
    },
    "SW10": {
        "coords": [
            176.2,
            78.1
        ]
    },
    "D10": {
        "coords": [
            166.67499999999998,
            78.1
        ],
        "orient": 90
    },
    "SW11": {
        "coords": [
            195.25,
            92.3875
        ]
    },
    "D11": {
        "coords": [
            185.725,
            92.3875
        ],
        "orient": 90
    },
    "SW12": {
        "coords": [
            214.3,
            94.76875000000001
        ]
    },
    "D12": {
        "coords": [
            204.775,
            94.76875000000001
        ],
        "orient": 90
    },
    "SW13": {
        "coords": [
            119.05,
            99.53125
        ]
    },
    "D13": {
        "coords": [
            109.52499999999999,
            99.53125
        ],
        "orient": 90
    },
    "SW14": {
        "coords": [
            138.1,
            97.15
        ]
    },
    "D14": {
        "coords": [
            128.575,
            97.15
        ],
        "orient": 90
    },
    "SW15": {
        "coords": [
            157.15,
            92.3875
        ]
    },
    "D15": {
        "coords": [
            147.625,
            92.3875
        ],
        "orient": 90
    },
    "SW16": {
        "coords": [
            176.2,
            97.15
        ]
    },
    "D16": {
        "coords": [
            166.67499999999998,
            97.15
        ],
        "orient": 90
    },
    "SW17": {
        "coords": [
            195.25,
            111.4375
        ]
    },
    "D17": {
        "coords": [
            185.725,
            111.4375
        ],
        "orient": 90
    },
    "SW18": {
        "coords": [
            214.3,
            113.81875000000001
        ]
    },
    "D18": {
        "coords": [
            204.775,
            113.81875000000001
        ],
        "orient": 90
    },
    "SW19": {
        "coords": [
            119.05,
            118.58125
        ]
    },
    "D19": {
        "coords": [
            109.52499999999999,
            118.58125
        ],
        "orient": 90
    },
    "SW20": {
        "coords": [
            138.1,
            116.2
        ]
    },
    "D20": {
        "coords": [
            128.575,
            116.2
        ],
        "orient": 90
    },
    "SW21": {
        "coords": [
            157.15,
            111.4375
        ]
    },
    "D21": {
        "coords": [
            147.625,
            111.4375
        ],
        "orient": 90
    },
    "SW22": {
        "coords": [
            176.2,
            116.2
        ]
    },
    "D22": {
        "coords": [
            166.67499999999998,
            116.2
        ],
        "orient": 90
    },
    "SW23": {
        "coords": [
            195.25,
            130.4875
        ]
    },
    "D23": {
        "coords": [
            185.725,
            130.4875
        ],
        "orient": 90
    },
    "SW24": {
        "coords": [
            214.3,
            132.86875
        ]
    },
    "D24": {
        "coords": [
            204.775,
            132.86875
        ],
        "orient": 90
    },
    "SW25": {
        "coords": [
            119.05,
            137.63125000000002
        ]
    },
    "D25": {
        "coords": [
            109.52499999999999,
            137.63125000000002
        ],
        "orient": 90
    },
    "SW26": {
        "coords": [
            138.1,
            135.25
        ]
    },
    "D26": {
        "coords": [
            128.575,
            135.25
        ],
        "orient": 90
    },
    "SW27": {
        "coords": [
            157.15,
            130.4875
        ]
    },
    "D27": {
        "coords": [
            147.625,
            130.4875
        ],
        "orient": 90
    },
    "SW28": {
        "coords": [
            176.2,
            135.25
        ]
    },
    "D28": {
        "coords": [
            166.67499999999998,
            135.25
        ],
        "orient": 90
    },
    "SW29": {
        "coords": [
            195.25,
            149.53750000000002
        ]
    },
    "D29": {
        "coords": [
            185.725,
            149.53750000000002
        ],
        "orient": 90
    },
    "SW30": {
        "coords": [
            214.3,
            151.91875
        ]
    },
    "D30": {
        "coords": [
            204.775,
            151.91875
        ],
        "orient": 90
    },
    "U2": {
        "coords": [
            50,
            80
        ]
    },
    "U1": {
        "coords": [
            90,
            70
        ]
    }
}