{
    "SW1": {
        "coords": [
            119.05,
            61.431250000000006
        ]
    },
    "D1": {
        "coords": [
            119.05,
            52.90625000000001
        ],
        "orient": 180
    },
    "SW2": {
        "coords": [
            138.1,
            59.05
        ]
    },
    "D2": {
        "coords": [
            138.1,
            50.525
        ],
        "orient": 180
    },
    "SW3": {
        "coords": [
            157.15,
            54.2875
        ]
    },
    "D3": {
        "coords": [
            157.15,
            45.7625
        ],
        "orient": 180
    },
    "SW4": {
        "coords": [
            176.2,
            59.05
        ]
    },
    "D4": {
        "coords": [
            176.2,
            50.525
        ],
        "orient": 180
    },
    "SW5": {
        "coords": [
            195.25,
            73.3375
        ]
    },
    "D5": {
        "coords": [
            195.25,
            64.8125
        ],
        "orient": 180
    },
    "SW6": {
        "coords": [
            214.3,
            75.71875
        ]
    },
    "D6": {
        "coords": [
            214.3,
            67.19375
        ],
        "orient": 180
    },
    "SW7": {
        "coords": [
            119.05,
            80.48125
        ]
    },
    "D7": {
        "coords": [
            119.05,
            71.95625
        ],
        "orient": 180
    },
    "SW8": {
        "coords": [
            138.1,
            78.1
        ]
    },
    "D8": {
        "coords": [
            138.1,
            69.57499999999999
        ],
        "orient": 180
    },
    "SW9": {
        "coords": [
            157.15,
            73.3375
        ]
    },
    "D9": {
        "coords": [
            157.15,
            64.8125
        ],
        "orient": 180
    },
    "SW10": {
        "coords": [
            176.2,
            78.1
        ]
    },
    "D10": {
        "coords": [
            176.2,
            69.57499999999999
        ],
        "orient": 180
    },
    "SW11": {
        "coords": [
            195.25,
            92.3875
        ]
    },
    "D11": {
        "coords": [
            195.25,
            83.8625
        ],
        "orient": 180
    },
    "SW12": {
        "coords": [
            214.3,
            94.76875000000001
        ]
    },
    "D12": {
        "coords": [
            214.3,
            86.24375
        ],
        "orient": 180
    },
    "SW13": {
        "coords": [
            119.05,
            99.53125
        ]
    },
    "D13": {
        "coords": [
            119.05,
            91.00625
        ],
        "orient": 180
    },
    "SW14": {
        "coords": [
            138.1,
            97.15
        ]
    },
    "D14": {
        "coords": [
            138.1,
            88.625
        ],
        "orient": 180
    },
    "SW15": {
        "coords": [
            157.15,
            92.3875
        ]
    },
    "D15": {
        "coords": [
            157.15,
            83.8625
        ],
        "orient": 180
    },
    "SW16": {
        "coords": [
            176.2,
            97.15
        ]
    },
    "D16": {
        "coords": [
            176.2,
            88.625
        ],
        "orient": 180
    },
    "SW17": {
        "coords": [
            195.25,
            111.4375
        ]
    },
    "D17": {
        "coords": [
            195.25,
            102.9125
        ],
        "orient": 180
    },
    "SW18": {
        "coords": [
            214.3,
            113.81875000000001
        ]
    },
    "D18": {
        "coords": [
            214.3,
            105.29375
        ],
        "orient": 180
    },
    "SW19": {
        "coords": [
            119.05,
            118.58125
        ]
    },
    "D19": {
        "coords": [
            119.05,
            110.05624999999999
        ],
        "orient": 180
    },
    "SW20": {
        "coords": [
            138.1,
            116.2
        ]
    },
    "D20": {
        "coords": [
            138.1,
            107.675
        ],
        "orient": 180
    },
    "SW21": {
        "coords": [
            157.15,
            111.4375
        ]
    },
    "D21": {
        "coords": [
            157.15,
            102.9125
        ],
        "orient": 180
    },
    "SW22": {
        "coords": [
            176.2,
            116.2
        ]
    },
    "D22": {
        "coords": [
            176.2,
            107.675
        ],
        "orient": 180
    },
    "SW23": {
        "coords": [
            195.25,
            130.4875
        ]
    },
    "D23": {
        "coords": [
            195.25,
            121.9625
        ],
        "orient": 180
    },
    "SW24": {
        "coords": [
            214.3,
            132.86875
        ]
    },
    "D24": {
        "coords": [
            214.3,
            124.34375
        ],
        "orient": 180
    },
    "SW25": {
        "coords": [
            107.32499999999999,
            139.83125
        ],
        "orient": 15
    },
    "D25": {
        "coords": [
            107.32499999999999,
            131.30625
        ],
        "orient": 180,
        "rotate": {
            "anchor": [
                107.32499999999999,
                139.83125
            ],
            "angle": 15
        }
    },
    "SW26": {
        "coords": [
            128.575,
            137.63125
        ]
    },
    "D26": {
        "coords": [
            128.575,
            129.10625
        ],
        "orient": 180
    },
    "SW27": {
        "coords": [
            151.115,
            142.63125
        ],
        "orient": -30
    },
    "D27": {
        "coords": [
            151.115,
            134.10625
        ],
        "orient": 180,
        "rotate": {
            "anchor": [
                151.115,
                142.63125
            ],
            "angle": -30
        }
    },
    "SW28": {
        "coords": [
            176.2,
            135.25
        ]
    },
    "D28": {
        "coords": [
            176.2,
            126.725
        ],
        "orient": 180
    },
    "SW29": {
        "coords": [
            195.25,
            149.53750000000002
        ]
    },
    "D29": {
        "coords": [
            195.25,
            141.01250000000002
        ],
        "orient": 180
    },
    "SW30": {
        "coords": [
            214.3,
            151.91875
        ]
    },
    "D30": {
        "coords": [
            214.3,
            143.39374999999998
        ],
        "orient": 180
    },
    "U2": {
        "coords": [
            104.15,
            53.95
        ]
    },
    "U1": {
        "coords": [
            88.5,
            70
        ]
    }
}